<?xml version="1.0" encoding="utf-8"?>
<extension version="2.5" type="plugin" group="socialpromoter" method="upgrade">
	<name>SocialPromoter Twitter</name>
	<author>Daniel Eliasson (joomla@stilero.com)</author>
	<creationDate>2013-dec-26</creationDate>
	<copyright>Copyright (c) 2013-dec-26 Stilero Webdesign (http://www.stilero.com). All rights reserved.</copyright>
	<authorEmail>joomla@stilero.com</authorEmail>
	<authorUrl>www.stilero.com</authorUrl>
	<version>1.0</version>
	<license>GPLv2</license>
	<description>Description</description>
	<files>
            <filename plugin="stilerosptwitter">stilerosptwitter.php</filename>
            <folder>library</folder>
	</files>
        <languages folder="language">
            <language tag="en-GB">en-GB.plg_socialpromoter_stilerosptwitter.ini</language>
            <language tag="en-GB">en-GB.plg_socialpromoter_stilerosptwitter.ini</language>
        </languages>
        <config>
            <fields name="params">
                <fieldset name="settings" label="PLG_SOCIALPROMOTER_STILEROSPTWITTER_SETTINGS">
                    <field name="consumer_key" type="text"  default="" label="PLG_SYSTEM_STILEROSPTWITTER_CONSUMER_KEY" description="PLG_SYSTEM_STILEROSPTWITTER_CONSUMER_KEY_DESC"/>
                    <field name="consumer_secret" type="text"  default="" label="PLG_SYSTEM_STILEROSPTWITTER_CONSUMER_SECRET" description="PLG_SYSTEM_STILEROSPTWITTER_CONSUMER_SECRET_DESC"/>
                    <field name="token" type="text"  default="" label="PLG_SYSTEM_STILEROSPTWITTER_TOKEN" description="PLG_SYSTEM_STILEROSPTWITTER_TOKEN_DESC"/>
                    <field name="secret" type="text"  default="" label="PLG_SYSTEM_STILEROSPTWITTER_SECRET" description="PLG_SYSTEM_STILEROSPTWITTER_SECRET_DESC"/>
                    <field name="default_title" type="text"  default="" label="PLG_SYSTEM_STILEROSPTWITTER_DEFAULT_TITLE" description="PLG_SYSTEM_STILEROSPTWITTER_DEFAULT_TITLE_DESC"/>
                    <field name="default_desc" type="text"  default="" label="PLG_SYSTEM_STILEROSPTWITTER_DEFAULT_DESC" description="PLG_SYSTEM_STILEROSPTWITTER_DEFAULT_DESC_DESC"/>
                    <field name="default_tags" type="text"  default="" label="PLG_SYSTEM_STILEROSPTWITTER_DEFAULT_TAGS" description="PLG_SYSTEM_STILEROSPTWITTER_DEFAULT_TAGS_DESC"/>
                </fieldset>
            </fields>
        </config>
</extension>